redshift,norm(psf_u),norm(psf_g),norm(psf_r),norm(psf_i),norm(psf_z),norm(model_u),norm(model_g),norm(model_r),norm(model_i),norm(model_z)
0.3984061,0.376969019697,0.490427600806,0.518303422751,0.486946908694,0.558504193226,0.389864086373,0.404094572717,0.433127203512,0.372722382948,0.46634208389
0.9785587,0.453930131166,0.547789536609,0.555669221025,0.530337109322,0.62475205741,0.452255997259,0.455277001684,0.468429950947,0.412958560233,0.5272176225
1.444914,0.425426508532,0.533385650717,0.549183205643,0.500098949092,0.586683082473,0.428505137826,0.442911636155,0.461760986591,0.387499641947,0.493657007556
1.935515,0.472868492063,0.589673635273,0.611404275137,0.574513443428,0.661661796945,0.467680035105,0.489993336451,0.515150051969,0.44568410466,0.559774531404
0.8594188,0.472580987287,0.556951117103,0.574008392711,0.554863518493,0.643174287814,0.465836800398,0.462316387903,0.483696033152,0.430511660869,0.543073108475
0.08373255,0.284676291055,0.421811173492,0.443512297986,0.368664528456,0.462304871307,0.307498128606,0.324447341222,0.332583904855,0.251668528544,0.339756642723
3.356195,0.669349551855,0.581142839398,0.572771741993,0.53692575406,0.629433474629,0.62664113593,0.483234748087,0.482189020427,0.41679742244,0.530765278278
3.845187,0.725455850279,0.713837926524,0.6709318528,0.638695236795,0.758226249322,0.671943527325,0.59281935086,0.564881471879,0.495795658166,0.642353448175
1.516263,0.539733677452,0.635266747493,0.652960731923,0.618634502525,0.725935517674,0.518168944018,0.526795135285,0.549766957046,0.47806963103,0.612543685768
0.5508068,0.396390743381,0.497377876863,0.532994090768,0.491931895728,0.598261089511,0.405387267014,0.412561708029,0.448294766925,0.381545878037,0.504562104848
2.431408,0.497293833577,0.567195706265,0.588706741788,0.564087621127,0.645597491518,0.48817854151,0.471442858177,0.496025497529,0.437916734299,0.546307067748
1.748196,0.44114392903,0.563291311217,0.592052483661,0.549880578682,0.655639655119,0.44129338524,0.467185530703,0.498353139309,0.427578275764,0.553996622391
0.5869554,0.488556349088,0.574341363815,0.60027569886,0.559305309131,0.660466694112,0.479758443564,0.475982063497,0.503361358321,0.431137060695,0.553560762276
0.1221209,0.389158039676,0.514751302651,0.522724513074,0.454155179473,0.549706629514,0.363578339235,0.362635309466,0.359870903574,0.279508103675,0.368053786366
1.70448,0.526681404058,0.621658620658,0.643326121884,0.611035894636,0.721460696863,0.508682327709,0.515466561835,0.54101935445,0.474309275332,0.608712413971
3.693176,0.6279747321,0.641531894411,0.617864686984,0.562902961649,0.62844209881,0.516192541177,0.443555311237,0.422320449908,0.342205099316,0.425892423585
0.4230638,0.603826548147,0.678987561574,0.656489539068,0.598659069196,0.678992222721,0.567826578717,0.557701259162,0.543188391801,0.453453066369,0.5615308635
0.4200298,0.400871826823,0.513828092753,0.55240221002,0.521181247441,0.599098235373,0.406402160726,0.424232098867,0.460319472623,0.398283147517,0.49951288028
1.963448,0.351175628464,0.4783857607,0.503659481184,0.462837450525,0.55094764266,0.369297529291,0.395851535694,0.422649026318,0.358572645574,0.461453083956
0.1155429,0.444904402814,0.540071320714,0.537888206391,0.476040671489,0.560702866805,0.382668900606,0.361222140263,0.351907662126,0.275068242314,0.356723878934
1.999517,0.473154518666,0.57932941449,0.609031467576,0.574214548929,0.666269327255,0.467478816294,0.481544561,0.513065459295,0.445600293657,0.564353518158
1.954957,0.453533241539,0.565178489403,0.595159472575,0.566360720622,0.659822515034,0.45166231377,0.469323374369,0.500888644914,0.439115019462,0.557075268131
3.85395,0.8695142204,0.665296624041,0.617852525305,0.591393476184,0.697651178177,0.79167810622,0.554620582699,0.52088200518,0.459672054972,0.59089310193
3.173751,0.661147905317,0.603100613705,0.620180526681,0.589209772076,0.69019003498,0.62065326303,0.502163763469,0.522234743973,0.456869690865,0.581806953258
0.8950884,0.591307895443,0.659928808678,0.647016871385,0.609542786952,0.693098883712,0.561355311355,0.547194019438,0.543638222108,0.471065046886,0.583118830814
1.686504,0.384257154915,0.497704590947,0.521069244567,0.475464037123,0.57015250043,0.395234223389,0.412627587525,0.438701093607,0.370535340129,0.480772123124
2.500252,0.658456151087,0.705941150059,0.693235091718,0.666336836359,0.736362897495,0.621215267756,0.587338932731,0.584691327364,0.516475757933,0.621780850762
0.6903347,0.462853865535,0.568976783244,0.608450267343,0.582767162549,0.695294687897,0.457052983318,0.47146067804,0.510202459906,0.450106461192,0.585255159264
1.511941,0.449557693487,0.558411949584,0.582714234535,0.545660570493,0.645852867633,0.447717134456,0.463307280332,0.490257276411,0.423076351824,0.544639749337
2.10812,0.455732763941,0.555261908243,0.58026461637,0.550040944452,0.632937005384,0.451423549758,0.461449694524,0.487191285006,0.426953406387,0.532031114273
0.7224662,0.504095649661,0.582799700329,0.593214884128,0.568965470179,0.654783140844,0.490325657686,0.483245548004,0.498760747277,0.440226841375,0.551544755774
0.4832416,0.364468844164,0.474503362244,0.507386075633,0.465421045448,0.551594691132,0.379411267784,0.393391854486,0.425410800355,0.358916376776,0.462869936272
1.622677,0.407671425647,0.521188540552,0.550804549466,0.512095673536,0.604905172607,0.41428723956,0.432236997709,0.463603612782,0.396986198768,0.510023247919
2.969595,0.652726010904,0.614236711794,0.642636106629,0.627357035622,0.736756004549,0.612129329138,0.510430560311,0.540376817056,0.486524463795,0.622713345853
1.299023,0.416906315571,0.539891466228,0.552065523541,0.524052135936,0.629746955985,0.422303726596,0.448120976356,0.464392845739,0.407712415804,0.530718622829
0.953236,0.502481484027,0.570458318399,0.580644188769,0.562695509758,0.647524289963,0.489240366723,0.473764300441,0.4884092371,0.435803954394,0.546922183008
0.4356003,0.413321744452,0.524294588709,0.559040566432,0.523536918248,0.605824096214,0.410616022884,0.427068157199,0.455977067424,0.389667588588,0.491314412912
0.3574462,0.467768053859,0.572711675144,0.59321040351,0.56343387471,0.630258425565,0.457588002431,0.470628004402,0.490175538293,0.427182560522,0.522136475782
3.890477,0.514266962597,0.613866651485,0.646077221668,0.63246553842,0.738156986441,0.499124727504,0.509549287043,0.543076881521,0.489667376408,0.623910426449
4.278192,0.716866922243,0.597657104188,0.571131195519,0.509372185069,0.580643724279,0.488634363714,0.344989324282,0.331053615713,0.251078668827,0.333339676837
2.88946,0.697911562348,0.618815237686,0.647327314241,0.625639415859,0.720137905972,0.660330327371,0.514864466435,0.544214719433,0.485257220212,0.608251998357
2.192846,0.37825724804,0.490840360382,0.519316042541,0.483854920158,0.571107291469,0.390065305184,0.406530494107,0.435943650066,0.374854789481,0.479865411308
1.201632,0.529604492465,0.62763457709,0.641370651936,0.619366043401,0.731449776664,0.509589865612,0.520448023777,0.53831279424,0.47911514677,0.617357177542
2.414146,0.604134747354,0.670984036944,0.700477691544,0.686056366862,0.763358878836,0.574355337168,0.557177463164,0.588964444622,0.530713019456,0.644048391523
1.977932,0.440483924492,0.555223090728,0.584936621331,0.551381192848,0.648022847267,0.440144736749,0.461541493823,0.491805970163,0.427433463081,0.545973726843
1.438687,0.485169114153,0.584809800646,0.600007501836,0.563770301624,0.663714848751,0.476436279928,0.48671988146,0.505781023148,0.438073216868,0.560556010173
1.036511,0.625152159501,0.715306522507,0.701982539286,0.688365633957,0.753629479241,0.588309832384,0.594666676747,0.591196815483,0.532760023637,0.639135449976
1.394226,0.516491613951,0.638251167437,0.650406139267,0.626203084482,0.707266519338,0.502005148386,0.530408247681,0.547913504615,0.483434596121,0.597914746989
1.8052,0.518182644615,0.625478264132,0.667124607218,0.624936536099,0.730807749632,0.500779062919,0.519200633307,0.56106684592,0.484675317235,0.618670896761
1.154295,0.418425139004,0.536232268483,0.545605111694,0.516401665074,0.627642972426,0.421230755151,0.444707662433,0.459158899606,0.400826121874,0.529715530678
1.779184,0.510167247958,0.610860234949,0.637942978752,0.593651562713,0.698760199173,0.496430272695,0.508104798079,0.537210141611,0.460601932745,0.590356564268
1.480559,0.472908402752,0.556240756579,0.575796159508,0.547004230927,0.651445317625,0.467137976267,0.461451314512,0.483492499824,0.423696447156,0.549284422053
1.739085,0.390144720592,0.502402157219,0.527665355147,0.483382011737,0.575796599524,0.400623133006,0.417142493031,0.443286006602,0.374384811324,0.485180449157
0.278163,0.50603944802,0.591246391589,0.587795255959,0.547475774533,0.617696216194,0.48667614683,0.484378999344,0.485356237184,0.41292673327,0.509692362564
1.694366,0.493082516827,0.597455900068,0.631021703284,0.600801146445,0.716056192214,0.481092471483,0.497216861263,0.531396991593,0.465521850802,0.604801336801
0.7309951,0.453131917391,0.548329747026,0.575045335859,0.546570219735,0.636949853672,0.449939927679,0.455271061729,0.484225977641,0.423960080501,0.538370730336
1.727257,0.504835475577,0.601273602667,0.624839729875,0.576822710523,0.686497841534,0.491349937698,0.498721289769,0.525831762491,0.448210635086,0.579553986186
1.800629,0.518260987819,0.623462988146,0.654242188826,0.620636003821,0.717932776255,0.502199327472,0.518300460184,0.551456391929,0.481651755734,0.606954240213
1.471483,0.476033261864,0.559269816665,0.570498788217,0.521318411355,0.617173986385,0.466970782794,0.463375859808,0.47862664588,0.404245929066,0.518625653253
3.613682,0.898793145117,0.682169303886,0.645236145559,0.608632455302,0.704833272753,0.813051298477,0.568022740306,0.542659529937,0.472381622263,0.595493574747
2.744284,0.609640944228,0.652187949232,0.667206538528,0.667576770848,0.761600657321,0.573106959238,0.542590554608,0.562319441985,0.518817161523,0.648014104679
1.567551,0.440788428265,0.548497309299,0.57550235895,0.539301214685,0.639851528917,0.440987157195,0.455743558119,0.484845779929,0.418078988157,0.540936166138
1.63538,0.472194444876,0.57586818607,0.61087556215,0.569586461035,0.667199011092,0.46528066211,0.478703102708,0.512089473684,0.440026861957,0.562005398527
1.795965,0.454556876796,0.577374305652,0.602126194317,0.554036440562,0.648936032085,0.451862359293,0.479505536578,0.505729057192,0.429290566382,0.546396695321
0.1609565,0.475826317552,0.565104736125,0.559296601777,0.504860106456,0.585524564421,0.44364524009,0.437235739519,0.432408882433,0.353992215125,0.449729060758
0.8917932,0.347016786879,0.476703021426,0.50617118792,0.482507165279,0.578321666734,0.366442920735,0.396051874164,0.427135961833,0.374821901619,0.487025181051
1.322447,0.419105098886,0.529464434746,0.555336375076,0.531609799372,0.638092590054,0.423687032592,0.438922146635,0.467875106104,0.412109310766,0.538464655121
3.812184,0.901879571714,0.669622836085,0.619799674105,0.587577453255,0.676300013278,0.855783016898,0.558702411514,0.522411211698,0.456356746308,0.571695612485
1.686299,0.528400520021,0.619011266137,0.650121299945,0.614734543469,0.721382505861,0.510552548029,0.514715427574,0.54766829026,0.476682505885,0.606827165503
1.767194,0.358159998995,0.472518493311,0.49566925815,0.446699194759,0.540173066098,0.375738291177,0.391720567255,0.416976617431,0.34642694598,0.454814504688
1.362314,0.481903828544,0.586130243114,0.600381953528,0.56818206633,0.675836606057,0.473563485415,0.486899700086,0.505850852401,0.441175815327,0.570908608728
0.9168196,0.418244801818,0.528411186173,0.553658703477,0.531841817934,0.622934295958,0.420687523026,0.437706615921,0.464135181207,0.410947096161,0.523182540058
1.96436,0.445245860929,0.552456048869,0.574665763459,0.533602429371,0.619741377164,0.444059997231,0.458781034913,0.482950105158,0.413893212051,0.522223647805
1.801498,0.499947894379,0.599078472194,0.617318051522,0.565045721305,0.658049229198,0.486226777707,0.496934983417,0.51765037229,0.436717918686,0.552686586497
1.662444,0.503016582891,0.593064345207,0.611953470953,0.573737546063,0.687415330443,0.488871954439,0.492133340101,0.514848541161,0.445075679214,0.57919915922
0.4775135,0.44683268035,0.554517258914,0.591370789555,0.560124880579,0.645167082334,0.442021996795,0.45839655785,0.493364407532,0.428322496252,0.540343150827
1.228591,0.50799950629,0.607500579028,0.620094754841,0.594997952777,0.701862732038,0.493471241549,0.505120240881,0.521842292742,0.461741868476,0.591273712171
2.074169,0.454066123142,0.564233929872,0.579729502498,0.546188753924,0.625774996569,0.451329100112,0.46797770465,0.487818665663,0.425518010348,0.527501238518
1.463078,0.424128672061,0.527819866028,0.546116542296,0.50566398253,0.610532055334,0.428749768276,0.438910806721,0.46030539851,0.392730933792,0.516990870879
2.333342,0.585287294137,0.643959283015,0.660820376931,0.625788863109,0.690803368067,0.556508460576,0.535282250444,0.557245724217,0.485346866158,0.586385940012
1.518201,0.466254404034,0.56354103723,0.59075886508,0.554715436058,0.648330589833,0.4599521768,0.467654787117,0.497391769123,0.429683629377,0.547396104147
1.600522,0.515126520579,0.609757817524,0.634450656644,0.602588371776,0.712138751295,0.500959749198,0.506936247007,0.534500333529,0.467851054056,0.603856563961
2.025904,0.515941733351,0.619805084318,0.652016601588,0.614061689641,0.700446685824,0.499102435041,0.513220178998,0.547509685832,0.475201491199,0.589076608861
0.2468305,0.511592946451,0.612866453515,0.584295252791,0.532726218097,0.614570728173,0.456294452931,0.444244885969,0.429687706798,0.351010559125,0.439554489574
1.228082,0.383736098701,0.506628090683,0.530077848187,0.506130066876,0.61008084304,0.394935621713,0.419878112131,0.445587665404,0.392330974955,0.514766756519
1.508448,0.52465113254,0.6252647678,0.651004621886,0.621527910468,0.74003428783,0.505180064437,0.517945142899,0.544634777577,0.47997023118,0.622985911896
1.691029,0.533740422359,0.634432170921,0.657648099005,0.626039306674,0.725467089013,0.513184818598,0.526865334749,0.553795401262,0.485679988373,0.613396989373
0.4255106,0.48178114013,0.58421912746,0.607051034181,0.568708202539,0.64184288874,0.472076343473,0.482474433895,0.508773396115,0.438034494063,0.538653732467
6.477393,0.700443673823,0.702794343512,0.717593654369,0.691360038215,0.794653930572,0.651724263351,0.585614185908,0.604797821847,0.536415880806,0.671732875455
3.265827,0.708064398114,0.618566158632,0.625636639887,0.6034420636,0.710540498527,0.660036418845,0.515019445251,0.526029341386,0.468011249771,0.598682720234
0.2112526,0.370065948718,0.489580732021,0.509994435712,0.463451617306,0.558187125127,0.379271059924,0.402196487219,0.418515026254,0.347950927066,0.454968590447
0.7335339,0.459669879477,0.550514526161,0.580712678224,0.56640575952,0.649260991019,0.456052169057,0.457117307624,0.48840111742,0.438394138746,0.547142568616
1.505809,0.48636052212,0.579487272384,0.598233816982,0.560209499113,0.66253983168,0.475945845741,0.4796858952,0.502161269524,0.433036599947,0.557877619074
1.540085,0.427330396202,0.536395302046,0.572031159758,0.542140712433,0.649216515403,0.42970423768,0.445961532854,0.481503719382,0.420122279192,0.548179424579
1.470459,0.466634294664,0.580718434567,0.595338057228,0.926476047496,0.660405002129,0.461522622157,0.481384182225,0.49996787313,0.719522765296,0.555823551548
0.7454146,0.500964138768,0.596258379731,0.619118620087,0.596605704927,0.683901756808,0.488077638782,0.494293323599,0.520609183911,0.461599708041,0.576576017994
1.090752,0.545015931017,0.646987049183,0.663865277274,0.644185205405,0.740337726305,0.525533669832,0.53817932831,0.559198236752,0.499986738765,0.627010558251
1.760888,0.854821174246,0.71058890052,0.681586123601,0.647711887539,0.740507020584,0.775904428691,0.591459641248,0.572765140457,0.50111500461,0.620997530331
1.458758,0.354203667201,0.465036417299,0.489578817377,0.4513586734,0.549216680393,0.372057688201,0.385208217009,0.412029025368,0.350572938382,0.463240724314
0.3736186,0.320978757905,0.429651017601,0.44745588239,0.41424457486,0.474838386732,0.346203710874,0.35774348684,0.375269607229,0.318468019737,0.398674494141
0.4012821,0.418374881099,0.530925914185,0.570336205773,0.544209772076,0.61316974628,0.422119520454,0.439710540611,0.478970379026,0.421055870112,0.515909815017
0.4680886,0.519966061133,0.610971511826,0.641272718416,0.607848369046,0.687944016391,0.502903886632,0.504666644347,0.535152073228,0.466755145624,0.576521995896
1.636703,0.502281191497,0.600933302452,0.628760271098,0.590451753787,0.687505716372,0.489925566639,0.499219165966,0.529204136512,0.457612850455,0.578971406963
1.500639,0.464620283055,0.564019139623,0.591744601159,0.554972703699,0.66154845586,0.458311920836,0.468297922204,0.497069688458,0.431658492442,0.557293812076
3.387609,0.75736740228,0.615949858122,0.613866054981,0.584701787908,0.672631492337,0.69652390104,0.511759490157,0.516650568949,0.453439805134,0.567430936123
0.4665724,0.449332272005,0.542577638265,0.572959927972,0.531283608571,0.618619443893,0.443788381168,0.449900262762,0.478489152621,0.409671365387,0.517838035609
1.976352,0.427700678703,0.547550161934,0.570005280089,0.528377917292,0.610605942244,0.430452208479,0.454287729242,0.478855620873,0.409684096173,0.515427913341
1.97093,0.455105279223,0.562723281581,0.585051837236,0.549267094309,0.634860934434,0.452187946583,0.467368049308,0.49233537334,0.426558221594,0.536204935287
0.3520676,0.446055161006,0.56121263329,0.582320580191,0.563298075611,0.626302247819,0.441483457819,0.460416142421,0.482905176259,0.427060557163,0.518059035104
1.392245,0.543347072957,0.632896291245,0.657050896562,0.632317455985,0.739783215807,0.521619582638,0.52547376538,0.552032889254,0.490297019829,0.624136337044
0.6385314,0.496313065355,0.580097354328,0.620059549981,0.584632182339,0.684506481711,0.481127083465,0.480025012609,0.519223425084,0.448603167632,0.573555691566
1.850446,0.716192875055,0.686378416427,0.663378810118,0.622485328238,0.708373388288,0.660592557133,0.571839431147,0.558307778443,0.482576329014,0.600058442089
2.026054,0.521495970868,0.595944604818,0.591428397507,0.540625767708,0.617466664629,0.504382815562,0.49554449404,0.49789194145,0.419537723969,0.520275168926
3.993343,0.706628352405,0.684680150146,0.637140948034,0.607296301351,0.706267252683,0.659229197025,0.571047257199,0.53709592477,0.471842685686,0.596015379109
1.765979,0.547583518659,0.640198512772,0.671388235803,0.641063873345,0.737868612288,0.524450725444,0.529669533325,0.561957845541,0.494972400718,0.620463448218
1.865456,0.522899496756,0.633977359037,0.661420139727,0.617193940221,0.712232723967,0.504009123484,0.526149840215,0.556823500824,0.478834539045,0.600586999214
1.198049,0.500179228556,0.582948500803,0.593645663597,0.571246076157,0.667595704889,0.487535579944,0.483457226387,0.499505051335,0.443049362559,0.562738380184
1.54319,0.468953549132,0.56658174257,0.588286203734,0.546788590146,0.644238115846,0.461438732099,0.469021516676,0.494304666548,0.423594070425,0.543198341522
1.019443,0.423489361954,0.537394206098,0.555438789214,0.534146990583,0.626300813122,0.42225914167,0.443608230833,0.456865360484,0.410770986965,0.521074450433
6.065271,0.902567661551,0.901824681988,0.511659305544,0.923773031254,0.931657477789,0.815279958137,0.740182605005,0.408158102957,0.722381887487,0.790125988129
0.3181964,0.748737085382,0.743966787734,0.670663015688,0.613765524771,0.682535207651,0.653893085347,0.577506147853,0.515255066505,0.425530210684,0.520996486722
2.0453,0.435323620254,0.549673480003,0.581170341403,0.546163504845,0.631896849857,0.436789134419,0.456931009047,0.489175734952,0.423050359804,0.533065514686
3.462085,0.671059798776,0.677178018418,0.674500985512,0.64388221646,0.766010199406,0.630852651512,0.564131530035,0.567776949991,0.49980956867,0.647715755361
1.400434,0.489499423882,0.5974507244,0.612867517135,0.59071379828,0.692538634425,0.478764669027,0.496426307303,0.51599341613,0.457852083128,0.585995507571
1.419021,0.460245628117,0.575295627725,0.598132683021,0.569282107274,0.676216083487,0.456827125469,0.476766677503,0.503712669836,0.441812354591,0.570179310396
1.221125,0.445437284418,0.55766018371,0.574589592944,0.554127200764,0.665611518553,0.444199618447,0.46409297433,0.484198370727,0.43036419594,0.561407472116
1.114506,0.421095459716,0.539572515647,0.557024288089,0.532410263409,0.639215958023,0.424413297572,0.447660359875,0.46834334102,0.41221805289,0.538908495773
1.659685,0.45772090751,0.559488488666,0.5817150566,0.545614849188,0.643057359986,0.453249185152,0.462862323732,0.488428724334,0.421845178799,0.540903016213
1.148514,0.398280588402,0.517825649838,0.534429808966,0.506132796506,0.607783892697,0.408089348192,0.429902055548,0.449583630897,0.392427516744,0.512013471147
1.302822,0.504195426383,0.608623052169,0.621975974539,0.598362221919,0.703055682825,0.490396054938,0.506115453278,0.522384687408,0.463372469889,0.592896830683
0.8171638,0.509097050231,0.601554382692,0.636389484296,0.621643237341,0.71596867568,0.494690873935,0.500528115965,0.535810308671,0.481876666274,0.605830826115
2.750545,0.526795962516,0.532118905812,0.555904133454,0.516183977071,0.599035108692,0.509748259428,0.442119462207,0.46794818323,0.400071292397,0.505080225886
0.6483399,0.667770123302,0.724450635119,0.720879227936,0.644132660025,0.753471662541,0.625056024479,0.60229843844,0.607861648004,0.5005617459,0.639983842481
1.664048,0.480698377926,0.580358078637,0.596065197608,0.545464037123,0.641020807199,0.472116235249,0.481299402873,0.500708388004,0.42273368152,0.539410655736
2.96993,0.643845882658,0.630651991921,0.653135476046,0.6308605159,0.739718654429,0.603807787344,0.52534686635,0.550692059326,0.4901065885,0.627152980147
1.068003,0.656843463627,0.694417523779,0.699710865686,0.670489968609,0.78369499541,0.612980549239,0.577615767016,0.589923108248,0.521480017441,0.662988048225
2.012783,0.596129697913,0.697856108648,0.725634444384,0.693221645967,0.75944502466,0.563565198415,0.578927416995,0.60878837422,0.5359453722,0.642109734844
0.1714442,0.615941659442,0.613200284144,0.591205646757,0.533745052545,0.6089947772,0.55729456322,0.452770340835,0.434793361977,0.350627044219,0.445494464883
1.898961,0.562637978272,0.670366838456,0.696405449379,0.6564583049,0.754450126085,0.538443939149,0.556736826531,0.585646201806,0.508301532893,0.63668112781
1.293067,0.449581344266,0.552668251284,0.558981678303,0.528609253446,0.625879012122,0.446785544159,0.458677355705,0.470023573598,0.409972660639,0.526813070647
3.912929,0.840910081957,0.665295977082,0.619594845829,0.579050088713,0.676698859122,0.793710240219,0.55278135675,0.520876050748,0.448275349911,0.570746542432
0.2406594,0.495736577629,0.600625997125,0.590785108703,0.541151903917,0.630084109845,0.479250410064,0.489608859388,0.485400624772,0.406769276796,0.518476478594
1.460144,0.42996450166,0.539809949447,0.57064600854,0.543613347891,0.654836941992,0.431192552909,0.448223575572,0.480184541936,0.421155594597,0.550637430071
0.4357657,0.409569400623,0.522224321243,0.556829701227,0.524585096219,0.610387150909,0.414316571748,0.430428551526,0.464238571807,0.399906853088,0.508041619116
2.705211,0.585800220396,0.612659426769,0.637300970124,0.617561075474,0.691672077269,0.557845421715,0.509559546965,0.537096466082,0.479044597002,0.585465722671
0.7496304,0.448441672376,0.549887623294,0.583646843279,0.567406168964,0.65337211607,0.445540686092,0.455854797269,0.490509527823,0.438986650711,0.550779851967
0.5434951,0.467449507436,0.566733777837,0.598518656303,0.56181247441,0.664577101815,0.46002844049,0.469070116304,0.502225144345,0.433444515525,0.559676309407
1.589339,0.457847291358,0.565952898827,0.592888439063,0.554780947182,0.65451628715,0.454859522284,0.469808830661,0.498252996582,0.42926616571,0.550896490589
1.396232,0.578002115267,0.677529963887,0.679084658279,0.648978435922,0.759598537269,0.54555875472,0.557565720198,0.565455262644,0.495343715289,0.631348287223
1.621108,0.439347948036,0.540542306563,0.567599187933,0.525449024157,0.627755596162,0.439270637541,0.448130696281,0.477807099448,0.407968622858,0.52964923083
1.130638,0.414987646164,0.548175123925,0.561554193433,0.532251262454,0.644582443193,0.418758638329,0.452868620084,0.470519415428,0.410624052485,0.541693089407
1.959146,0.515206341956,0.600380799822,0.616560186901,0.580739729767,0.671123625497,0.499612228472,0.49778007696,0.518197638764,0.450751487645,0.564939780707
1.116426,0.476829258378,0.590820045882,0.615724231499,0.597868158864,0.703776618208,0.469470471873,0.490372953551,0.518553822088,0.464093350605,0.594321663537
1.663687,0.521897295016,0.620673949695,0.649165648019,0.607090896683,0.713808021579,0.506380337578,0.515611820726,0.547841510113,0.47367114472,0.605466176948
2.871751,0.601179139126,0.634223850258,0.654911081165,0.63591852054,0.742773124935,0.569528432277,0.526900434481,0.551581435011,0.494008574184,0.628869409557
0.4361766,0.470215909435,0.569308026039,0.598502014006,0.562338610618,0.649841326068,0.460830382515,0.470710623771,0.497381484194,0.429928166544,0.543571585113
1.092518,0.381734651569,0.486492151745,0.497103056083,0.467448478231,0.566320423999,0.394621180656,0.402408165602,0.418294712253,0.361939938277,0.476702049095
0.444476,0.488277713354,0.589936947417,0.625538066279,0.575737000136,0.65835410237,0.469999037904,0.479699935092,0.512094345492,0.430921167795,0.536774008986
2.044361,0.418446572522,0.535424217212,0.566428466317,0.532458031937,0.616552045114,0.423285768257,0.443694630173,0.47669145533,0.413460895802,0.519846061574
0.7448707,0.538696738632,0.626025591094,0.653305739551,0.636772212365,0.725387463314,0.517648004355,0.51974872912,0.549509292514,0.493334373014,0.611153844501
0.5648783,0.604989131728,0.669278007161,0.699675660826,0.652727582913,0.743316157855,0.569057943978,0.551046890002,0.579773507463,0.496790250765,0.621860656135
1.026652,0.3374988267,0.463685567777,0.486843079713,0.458128838542,0.549604048658,0.358721515512,0.38473302064,0.409514089622,0.355905546061,0.462940533333
2.154024,0.453136351912,0.550275151485,0.572219985825,0.535068240753,0.608935954611,0.448049174827,0.453782833099,0.476839233517,0.404782213396,0.503946989588
2.315891,0.506715712469,0.589306162798,0.616839905515,0.596525863246,0.688347166326,0.494660368459,0.489549999838,0.519596930393,0.463679069634,0.580875685943
3.381355,0.478317779251,0.533888984495,0.540403113569,0.507716664392,0.592480694175,0.468731887374,0.443394932463,0.453394467672,0.392991384441,0.497708051073
0.06501748,0.367632135791,0.466796791603,0.460755638394,0.399572130476,0.477747952813,0.353804854125,0.338979170199,0.332623420634,0.256360353364,0.334839403964
2.258321,0.589707772459,0.649278576484,0.673550454293,0.640632591784,0.714714750259,0.559309097906,0.540230232641,0.56871775032,0.498335980276,0.606090500521
0.9403085,0.416163533308,0.529732275599,0.551278214855,0.531069332605,0.630224710179,0.421871956785,0.440324515921,0.464187688475,0.41155233891,0.530700206205
1.458551,0.498338163266,0.602962164568,0.61397999071,0.578058550566,0.686936141552,0.486760623532,0.499939520462,0.515594469155,0.446933843413,0.576789650839
0.7038966,0.476688092794,0.555955447844,0.574898755623,0.538565579364,0.628000929397,0.468609278827,0.461461574434,0.48297717076,0.41676294323,0.527348994422
1.188928,0.497670767859,0.579376642466,0.575876810642,0.540297529685,0.643916026307,0.485364998017,0.480801526676,0.483624579962,0.417771857963,0.541542686973
0.3140721,0.46385015458,0.573016392637,0.582661747289,0.556400982667,0.617017604381,0.449189023661,0.464859768471,0.469724769351,0.40533175896,0.489946671594
1.872998,0.452055806968,0.564247516003,0.603671367625,0.564230244302,0.672898346031,0.450131173546,0.46806410399,0.507160286231,0.437124773365,0.566279897088
0.2832441,0.484971038883,0.581545894595,0.586733989454,0.554847140712,0.622811629341,0.471702064751,0.477856929173,0.485759514655,0.422727846577,0.518017904642
0.357105,0.479736086875,0.560366411463,0.576432407341,0.549203630408,0.607417327542,0.470594481325,0.463057262243,0.481179473469,0.420998051129,0.508190793775
2.018903,0.452286402059,0.567985642695,0.599270120042,0.560097584277,0.64895970459,0.449786813656,0.471403978474,0.502722068799,0.433295459247,0.546609714278
2.441088,0.495081007612,0.566848936465,0.593662305894,0.561249488194,0.632239025158,0.48695362933,0.467207130538,0.498995676703,0.435467649483,0.534544369639
1.775383,0.424728810565,0.544889221282,0.576152048638,0.529684727719,0.621295871666,0.428861230591,0.452649381759,0.484523699264,0.409960990752,0.523939463327
1.674951,0.497202925897,0.606657591994,0.635357021766,0.599015285929,0.707471681048,0.483338730456,0.502475341088,0.535050306564,0.464311895752,0.59588584885
0.5972927,0.490425499678,0.570105079013,0.600392194942,0.559441790637,0.65993011733,0.479258623077,0.472951066654,0.503904835611,0.432326858668,0.555462585706
3.689325,0.818341326557,0.627398437207,0.588573603409,0.547675037532,0.629198184276,0.751335787851,0.522607467279,0.495323415811,0.424532435389,0.531250249392
3.189586,0.835539137973,0.655887905368,0.657954061242,0.633300805241,0.736413829248,0.756633767684,0.545135015168,0.553451126803,0.490873618312,0.622085338955
0.2269516,0.530203891883,0.602355317417,0.593903619207,0.539195441518,0.627211845894,0.481367607409,0.466699534416,0.463459623778,0.38350429717,0.486472682314
1.081677,0.391483945925,0.503450230123,0.512910038205,0.486435785451,0.585489414337,0.402316186909,0.417454070651,0.43180910869,0.377202028014,0.494009378973
2.075161,0.455324048925,0.572972399453,0.601888081446,0.565603930667,0.650236585168,0.454034114508,0.475308688642,0.507099659282,0.439484742684,0.549575404721
0.5768152,0.540431375418,0.591374489388,0.612308079906,0.567457349529,0.663476689003,0.513615415121,0.486510903057,0.509484138826,0.433181943079,0.551193612132
1.328554,0.387161766151,0.516330528552,0.519255234147,0.490440835267,0.588831541648,0.398299437057,0.427918650702,0.436213223463,0.38033380119,0.495680994596
2.084726,0.55640673722,0.655658235071,0.673528691289,0.639682680497,0.730063141745,0.534185492065,0.545218714529,0.567485182801,0.496676204147,0.618719393872
1.624518,0.446049248312,0.539192750958,0.560373230404,0.515617578818,0.618942968129,0.443608868176,0.447150063774,0.471482950863,0.399435814033,0.520827667663
1.902673,0.531076014341,0.641997057632,0.667911915904,0.651842500341,0.742287479906,0.512627507022,0.533877181178,0.563248333449,0.506563250254,0.628931412193
1.951627,0.46283169293,0.579447160952,0.611937468744,0.564271871161,0.659143185873,0.457903616776,0.481561840868,0.514583298261,0.437584672983,0.556553463768
0.4223135,0.677905220983,0.716285370843,0.678579628561,0.617512624539,0.691367921446,0.579790591642,0.546581664116,0.520951293121,0.43396700817,0.534537616877
1.659887,0.527857291202,0.605650277481,0.606221479663,0.560294800055,0.655808232049,0.510392394281,0.503978689603,0.510459583126,0.434144178265,0.553802633946
0.2765056,0.379626036846,0.506742602352,0.529378871694,0.502034256858,0.565469648513,0.391978350499,0.418796500395,0.441047681309,0.383259229554,0.47142752782
1.578521,0.485555656564,0.586995873698,0.612883519344,0.576783813293,0.680619886784,0.475995710461,0.486303544641,0.515946321982,0.448209043738,0.574773030449
0.2801549,0.463856806361,0.579896797167,0.593016456736,0.559177016514,0.62380300516,0.447978777575,0.467696906796,0.476082479283,0.408582883247,0.498368594007
1.291638,0.480659206324,0.582463928824,0.590463784345,0.562481233793,0.662019753916,0.472892364949,0.483575485483,0.497270515226,0.436686622173,0.560143477783
3.071154,0.486499470444,0.527379934191,0.540283417045,0.505799099222,0.606753780051,0.480131548998,0.437679616128,0.4542183446,0.392953192085,0.511584977682
1.779782,0.518148646621,0.626497870859,0.644532688449,0.604350348028,0.702687682973,0.502598831875,0.520061386731,0.543123975668,0.468857846991,0.594260888676
1.056647,0.535005739009,0.626140102763,0.636224981586,0.616548382694,0.716271396806,0.514648494789,0.519525170828,0.534984266495,0.478097744847,0.60285347181
1.458368,0.420370415537,0.539569280854,0.565064438016,0.533645421045,0.639797727769,0.425911585745,0.447834778542,0.474740566731,0.413311309075,0.539220964503
1.024877,0.507927814868,0.597223641937,0.600649510464,0.573448205268,0.669998822831,0.495398952958,0.496408487439,0.505822704175,0.445377504915,0.565480001694
0.2527613,0.377327476809,0.508181438241,0.53040877387,0.492782857923,0.577351094025,0.386859883657,0.414528373003,0.438127844155,0.372697451827,0.475177152581
1.036892,0.377450165223,0.493414608584,0.512004313171,0.484332605432,0.573998206485,0.389066837497,0.408692097592,0.429849559099,0.375531642897,0.484207437492
0.2193922,0.50299588846,0.58536489111,0.574316915302,0.523413402484,0.60248914239,0.473402745024,0.459580228807,0.451961073385,0.371994075941,0.47099043993
2.262299,0.495657495338,0.571274133173,0.597099580403,0.569043947045,0.651016343139,0.483010796592,0.473690321006,0.501438617948,0.441460666648,0.548108827518
0.6302395,0.456859871355,0.546670298261,0.578158725656,0.55091033165,0.65682543242,0.454030594646,0.453794173013,0.487047837315,0.426813898198,0.554605598777
2.114233,0.4089197433,0.52084694642,0.537600166628,0.4955616214,0.572174706244,0.415159578837,0.431825520853,0.451799221084,0.384702582334,0.482328327899
1.205422,0.47375243991,0.591630684987,0.606671461782,0.590297529685,0.704620220207,0.465031925154,0.491449165328,0.510500722841,0.45743568036,0.594134427854
0.2358768,0.409179162777,0.530484041473,0.543134370614,0.490832537191,0.587960680399,0.414245587852,0.436758383166,0.451976771434,0.375487085149,0.488190339498
3.021735,0.530303668605,0.50448795169,0.523220581555,0.468396342296,0.552173591484,0.51369167881,0.418048606109,0.43930898703,0.36326765309,0.46317565224
1.536877,0.577010999829,0.658869090519,0.685205823293,0.649773440699,0.764826574152,0.551510255706,0.548188691838,0.577639114082,0.50455337753,0.646963129304
0.175514,0.509539763241,0.602590810342,0.584864931434,0.529146990583,0.620189720064,0.472154953737,0.469625772059,0.461473008585,0.378664476972,0.483204345341
1.35009,0.50980805176,0.609559201239,0.632921485545,0.610285928757,0.700002647016,0.494638075996,0.505938334631,0.531949671188,0.472424588663,0.590185903547
1.36653,0.466747374948,0.585236146352,0.603672647802,0.587464173604,0.699561477603,0.462279392613,0.485424431357,0.509052713129,0.456508985282,0.591939166206
1.444409,0.576730885921,0.669853153341,0.681335208963,0.6532789682,0.746954550153,0.548863905686,0.554457503945,0.570367128112,0.503798017605,0.629512763642
0.2739593,0.453421639428,0.562808033155,0.575728310142,0.540926709431,0.605184938577,0.432523060966,0.445281138052,0.452272869121,0.384650598294,0.472353270148
2.198537,0.500181445816,0.589772619936,0.621666171772,0.594645148082,0.683974209021,0.487920418254,0.490376193526,0.522280755496,0.460671952064,0.576684676079
3.312875,0.676910410112,0.643560756527,0.652735420819,0.632258086529,0.74811091616,0.635559294432,0.534544076083,0.549740432756,0.490435997568,0.634694587907
0.590787,0.346482427102,0.447213355295,0.498631587093,0.457414357855,0.564702085469,0.364633711367,0.370692587909,0.419447706902,0.354474924066,0.475049463984
0.9245577,0.536342007995,0.632941578346,0.652464023353,0.631583867886,0.731299850799,0.514554045143,0.525261547002,0.548321653894,0.487696226489,0.616201227407
1.667306,0.454423841167,0.558485702862,0.590484267172,0.556763341067,0.65980386397,0.450772961824,0.462842343884,0.497001483141,0.431727450862,0.556613624742
1.30278,0.471541831206,0.578455373444,0.599746985872,0.567603384741,0.671368241383,0.462949926435,0.48069244751,0.502489845933,0.438138462142,0.564235651761
1.353062,0.519826373722,0.614317581617,0.618676959117,0.587492152313,0.692915959809,0.50428132619,0.510318781165,0.520826791352,0.455755747154,0.585810113551
1.643139,0.487593318951,0.585880517101,0.614796103372,0.577563805104,0.686657092932,0.477944541045,0.486873240288,0.517908578134,0.448677960995,0.580312751118
0.8654972,0.470212953088,0.557491974479,0.576948318561,0.555302306537,0.644678567911,0.464911663182,0.462689525052,0.484946463968,0.430271367297,0.543184222109
4.545173,0.897580303632,0.730607739954,0.637186394307,0.560335744507,0.650347774207,0.81290991733,0.607033662263,0.534556629982,0.432919901082,0.546803702724
0.6473014,0.570509992084,0.646156354363,0.664274933826,0.635244301897,0.71720753678,0.542242457521,0.536162983715,0.557848204519,0.489875312567,0.605683493118
0.1915011,0.465252941381,0.568210784282,0.561506826894,0.504455438788,0.588954208265,0.434524102846,0.43635608624,0.431946060637,0.351612619179,0.449773260657
0.3446729,0.527181026754,0.611324751212,0.601818311814,0.561969428142,0.634459219196,0.493725258299,0.488478648023,0.481251467971,0.407110886201,0.500188770402
1.180003,0.45600105246,0.555354423321,0.558069552386,0.530633274191,0.640093275409,0.451699272327,0.460896738749,0.470505882627,0.412135833235,0.538793084926
0.4299674,0.422962393045,0.525377597377,0.565296150003,0.523313088576,0.596941885363,0.423877691815,0.43285475299,0.465230796779,0.394938133688,0.490582045142
1.94802,0.450630108476,0.568271598389,0.600816573526,0.563298075611,0.659378476227,0.448074987153,0.47192021453,0.505310622984,0.436944951024,0.555504943943
0.2584004,0.440863815122,0.564702327886,0.564809042759,0.5244383786,0.589652188491,0.427379368443,0.450892775179,0.448246590154,0.375419718077,0.462795655887
0.9921381,0.430923097276,0.540837319676,0.553425711313,0.52883513034,0.637977096923,0.433783758415,0.44894501006,0.465519316098,0.410091481301,0.536835397735
0.9095973,0.543790525055,0.631776405938,0.653993834541,0.640779309404,0.735924597476,0.523026941028,0.524359213896,0.550653626171,0.49677698953,0.620390395608
1.754103,0.586027120052,0.667961446444,0.6975704102,0.652406851372,0.775099724014,0.555896004487,0.554978599963,0.586605948056,0.504958640861,0.654333462454
1.741086,0.540355249475,0.644705873219,0.674365926867,0.640850279787,0.748633145969,0.519068855552,0.53450789636,0.566083725924,0.495378194499,0.631005738006
0.6628134,0.494196320678,0.579343647578,0.609019305897,0.579915381466,0.679003700299,0.481927852203,0.481079624552,0.512343890344,0.448955386024,0.572742290647
1.37056,0.505094155967,0.61527055161,0.601054046309,0.569456803603,0.667805170692,0.493358019303,0.511738970314,0.506440882527,0.441872295371,0.563417953631
1.475065,0.466730375951,0.5728779435,0.602702273843,0.571756516992,0.66903470626,0.461583046465,0.476171602049,0.506715869044,0.442692370122,0.564175490788
0.4767604,0.481755272091,0.578453432568,0.620257977373,0.578844001638,0.660163972987,0.465827414098,0.471666416469,0.509803512931,0.435623601603,0.541440781651
0.9083548,0.400817134398,0.512818190405,0.534894513118,0.510422410263,0.595769737686,0.408867824467,0.425766227146,0.449720041532,0.394685109331,0.50068724704
1.750061,0.44638996734,0.560084984479,0.594419530427,0.552228743005,0.659417213053,0.444143300646,0.465098446648,0.501053203774,0.428719272393,0.558338648576
1.345205,0.424979361,0.539626860168,0.566538561515,0.537324962468,0.641061696072,0.427453872201,0.44728398275,0.475875698083,0.416689741215,0.539654982955
0.1098744,0.160599872434,0.32374066277,0.360810321143,0.277866794049,0.389103029414,0.218967131523,0.266640782864,0.296255371101,0.212495371829,0.316641323345
1.203559,0.659940237439,0.666617713467,0.637096781937,0.60404804149,0.717500932374,0.61359007211,0.552221381029,0.53455608867,0.465974854577,0.602752794262
1.790433,0.538225201235,0.633906193593,0.665998051699,0.635470861198,0.720031021025,0.518249900857,0.52733243118,0.561138840422,0.492773157564,0.610018152653
1.79507,0.452389135128,0.559729157259,0.586910013754,0.541833629043,0.638724574205,0.448398227867,0.464347312387,0.492385174048,0.419750434173,0.537338171585
0.5893647,0.443447662675,0.539373252403,0.571094710483,0.532965060734,0.634312880074,0.443397089778,0.447605280296,0.480081692648,0.412706596775,0.53458795565
0.3721049,0.443157940638,0.551528957219,0.579300643295,0.550571857513,0.626967230008,0.438449922915,0.452992279139,0.480450326149,0.41965813598,0.517569152891
2.270604,0.516747337994,0.600329690094,0.632023441572,0.609063736864,0.697513447238,0.501602710764,0.497514938986,0.532246851499,0.472259618904,0.588423432576
1.450081,0.421550737202,0.543091970338,0.562934864032,0.528189572813,0.633442018826,0.424218531842,0.45059685744,0.47327415241,0.409192900041,0.534358361731
1.407668,0.555995804943,0.656868047621,0.678052835838,0.658126108912,0.754361174854,0.533273847656,0.543365448688,0.569478835051,0.510207437537,0.637168554473
1.238083,0.37502004773,0.493349912725,0.511446156119,0.481979664255,0.582655887212,0.388064849948,0.408961555534,0.430226853592,0.37321357908,0.490890216659
3.123539,0.600948544036,0.567416966101,0.587451528509,0.566843182749,0.663643113887,0.571252578299,0.472096253185,0.494320364597,0.439247631809,0.560645023859
1.084721,0.637985663194,0.677535139555,0.678787657279,0.644480687867,0.711428576143,0.599603311487,0.563478675023,0.57143513677,0.500408976477,0.601364794658
1.308522,0.416986136948,0.541714595515,0.556032791215,0.527658659752,0.634657924769,0.422846958721,0.44869499197,0.467806900787,0.409345669464,0.534974704766
1.574869,0.495230303151,0.587380167096,0.609799573612,0.568604476593,0.65074662005,0.461875781703,0.468254182538,0.484146404771,0.411067508172,0.517176878787
1.699901,0.463301013066,0.565916022188,0.590664132002,0.550287975979,0.651940288186,0.457760475698,0.468697519151,0.497541171247,0.427185212769,0.551233514819
2.292917,0.475331129376,0.554695172524,0.57817664813,0.546034529821,0.631428421195,0.468843936333,0.461885471195,0.487016441217,0.423990846565,0.533875846167
0.9595718,0.495896220384,0.575938057597,0.584999990079,0.567998498703,0.655836925995,0.484309625886,0.477125234763,0.490001235815,0.437760782179,0.551471703163
0.2819013,0.459108173487,0.56664579147,0.58098791622,0.552416405077,0.619662468814,0.453506721764,0.46607853916,0.483177456216,0.420877108669,0.512654369682
1.616195,0.42827938369,0.505958488549,0.517441863814,0.477889995906,0.573621598449,0.430619988596,0.419583274384,0.43367284605,0.370706675281,0.482830487863
1.090037,0.757554391247,0.874297888198,0.823381698197,0.811772894773,0.912928222167,0.721879817812,0.730847696324,0.686946254697,0.625901100895,0.78267216628
2.45712,0.48946246954,0.607300021867,0.588406540346,0.560113279651,0.640073906996,0.477911688994,0.500940672813,0.496291281742,0.436313716254,0.540443828374
0.2746031,0.470176737833,0.583743612901,0.587158368038,0.556177835403,0.629199618973,0.455019089388,0.472178332558,0.478772800131,0.41425763078,0.511067470532
0.9690191,0.901736188869,0.801449704793,0.724850976228,0.654276648014,0.714791506563,0.862775223922,0.622423544684,0.557260880954,0.454190921465,0.54686324981
2.079118,0.541728472803,0.632412366225,0.651475086833,0.619864200901,0.703757249794,0.522304782555,0.526508397476,0.549142824262,0.481315981273,0.595531635771
0.6694516,0.469416217487,0.56013480029,0.586948419055,0.567878394977,0.6700676883,0.464648260132,0.463488718946,0.493745491209,0.440417272705,0.566338216399
2.094587,0.54358875435,0.650047810239,0.683766264565,0.656336836359,0.756506764634,0.521114482357,0.538353206981,0.571327956986,0.505887988186,0.634736946143
0.9633191,0.485663563241,0.57306944324,0.600080471909,0.573504162686,0.661199107073,0.476294312137,0.473467842706,0.504111616811,0.442769815732,0.557040276544
0.2336951,0.497344091481,0.574013355813,0.5736294604,0.518106319094,0.610511252223,0.463911435564,0.451576949952,0.449641009974,0.369776797507,0.472929710497
1.646096,0.410612252138,0.520507293164,0.54919600741,0.507757608844,0.607384329505,0.416676052967,0.431838480754,0.461844889957,0.394061300853,0.512132565319
1.422426,0.454363236047,0.568410694484,0.583363284135,0.55252627269,0.648174925179,0.450709604297,0.472519069954,0.491050298553,0.428091750769,0.547440917934
0.899484,0.407540607278,0.523124887591,0.544764035586,0.522999863518,0.609826901621,0.414557095691,0.433236530073,0.457480290964,0.404548285216,0.512375050876
3.480801,0.937156186046,0.68408041954,0.65515943545,0.617440971748,0.699060050904,0.843823110479,0.568888893689,0.550942145489,0.478497703685,0.589506943988
2.460552,0.486177967674,0.527174848321,0.542187039836,0.492556981029,0.561272441624,0.475530501956,0.435784770604,0.455549430911,0.381590966235,0.471104009115
1.333893,0.422309040288,0.552329891945,0.566834922427,0.540604613075,0.639796293072,0.425875800475,0.45893061377,0.477826586682,0.41995996168,0.540627380732
0.8349074,0.490629487643,0.586585701957,0.618066314819,0.599071243347,0.705789498489,0.479149507337,0.487126498354,0.518520260741,0.463526300211,0.595261525277
0.8690153,0.396685639026,0.511986848626,0.540518329474,0.514673126791,0.606861382347,0.403709465849,0.42371856279,0.453824810745,0.398843832518,0.511357839312
1.503481,0.441860843254,0.554003573799,0.578577983533,0.54470656476,0.646844243453,0.443292667188,0.459609388584,0.487749377721,0.422814309827,0.545423683656
1.613761,0.484892695679,0.577369129983,0.596933157429,0.556132114099,0.654977542325,0.475779825556,0.479548196252,0.502757795394,0.431764582319,0.552403584366
1.556036,0.521631962845,0.609412341641,0.630420020223,0.593143169101,0.691842088896,0.504617473067,0.505713156351,0.529996076029,0.459268913438,0.585557191907
1.806484,0.485375319378,0.597851838721,0.626368260886,0.592118192985,0.69053794907,0.47377467717,0.495876051507,0.526361165668,0.459196241872,0.582119421988
1.188512,0.421884065362,0.53937001761,0.55987012095,0.533951139621,0.640278351358,0.424881439295,0.448053476871,0.47070021365,0.414286275046,0.538918317973
1.439765,0.745307722497,0.671873604996,0.664774202749,0.632742595878,0.721949211286,0.702209652402,0.55888223014,0.559484590822,0.490643933728,0.60983091697
1.162837,0.514263267163,0.611949066245,0.619802234459,0.595361675993,0.700676237389,0.498354464242,0.50807455831,0.522257479078,0.462172062928,0.591376231382
0.5236694,0.442072961174,0.543382454742,0.583131572147,0.543565579364,0.642631254895,0.435844051315,0.445876213506,0.482192809611,0.411440944539,0.529190656878
1.664053,0.455185100601,0.561206163704,0.58481564463,0.538575133069,0.632821512253,0.452336367455,0.466452216305,0.492087993737,0.417920383791,0.533222055995
2.916852,0.507004695419,0.520224572263,0.54305371948,0.502198034666,0.590765513579,0.494525440393,0.431409184034,0.457012056048,0.388961560455,0.498312730246
1.534558,0.502362491048,0.603154958226,0.636096323825,0.604140166507,0.697287482417,0.489699122146,0.500257578032,0.534490589913,0.467229897825,0.587689837031
1.288499,0.434080476208,0.559074435173,0.568166946311,0.535674901051,0.636093339396,0.434800998702,0.463729557106,0.47798789767,0.415615050759,0.537406926984
1.056825,0.481523937914,0.586488658169,0.596688643674,0.572724170875,0.674755561658,0.471801207548,0.486725281419,0.501318446675,0.444208394468,0.567634746768
0.1057044,0.608960984345,0.661064220991,0.663835833209,0.632054046677,0.726557458945,0.576237290363,0.549289743426,0.559940916873,0.489828633021,0.614575039458
1.35834,0.617162630883,0.678386537051,0.674463220299,0.639295073018,0.740245905679,0.581111126755,0.562343603695,0.566540051976,0.494327904714,0.623837987726
2.828304,0.601225701597,0.610202925029,0.612491145178,0.569607615668,0.667183229422,0.566336503556,0.508444455484,0.515348172176,0.441685046738,0.562111601062
2.086501,0.379419831621,0.493853893461,0.514251663414,0.481944179064,0.571281607188,0.392949245928,0.408188821437,0.433361050314,0.374567285913,0.480582431891
1.595244,0.45848068877,0.550150935437,0.565272466733,0.517221236522,0.60700198268,0.45363226353,0.45689914929,0.47514600945,0.401181522963,0.511218486853
0.9272987,0.463433309609,0.563456932614,0.583530347197,0.56768390883,0.675811498855,0.459056958416,0.468526880455,0.491573747297,0.440340357544,0.570671034271
1.967434,0.522313400901,0.624409488553,0.694214426913,0.626276784496,0.705342590287,0.498678291599,0.511610451296,0.569465843562,0.475912823826,0.586360156738
2.330471,0.547556911534,0.621361666669,0.643983492633,0.623010782039,0.726499353705,0.528073837331,0.51628789556,0.542457079233,0.483102534805,0.614488481322
2.010955,0.474090202591,0.557074039234,0.556796416632,0.503409308039,0.580425650293,0.466162387687,0.461943790749,0.469339355177,0.390635658717,0.489615172352
0.6072287,0.499546570231,0.578800849327,0.605859189649,0.561845229971,0.664112259897,0.48417000467,0.47863344324,0.506488517987,0.430888279933,0.555617285353
1.940828,0.526986646918,0.640556280868,0.675754918615,0.645328238024,0.743067955226,0.508352047269,0.532198874001,0.569020343752,0.499413853428,0.626451920639
3.803643,0.874738825192,0.691962962915,0.61842156386,0.593596287703,0.703846918374,0.794868275009,0.57514528589,0.519253197246,0.459633862616,0.593567809705
1.990087,0.373741427517,0.496919830186,0.525683001487,0.492155725399,0.580695373381,0.387445354133,0.411573515578,0.44191215664,0.381689099371,0.488523066515
1.953128,0.480318487296,0.585741421006,0.610483828071,0.566892316091,0.658982499778,0.472664747168,0.487723193795,0.514098823983,0.439572266833,0.556395694684
1.746532,0.365660991219,0.488899484633,0.520769043125,0.478267367272,0.576711936387,0.378554767889,0.405837139404,0.438229610819,0.371590403958,0.485986483425
2.052262,0.396061110655,0.525188685471,0.548178266913,0.510833219599,0.591563205266,0.405793224499,0.435987269057,0.461098420652,0.395698798108,0.498415249456
2.236637,0.479132252936,0.555132516527,0.575709747579,0.554566671216,0.638021572539,0.471047956954,0.460480941926,0.48468446894,0.4287569343,0.538515607782
2.070119,0.400459416373,0.528849824092,0.555859327268,0.523786679405,0.607957491067,0.411245491643,0.437739015674,0.467353281296,0.405821363743,0.511805363289
1.587111,0.567763545429,0.640353135873,0.658704884892,0.62120922615,0.73401931949,0.54139593057,0.531192321691,0.553425685137,0.480243943064,0.621641498303
0.6578702,0.410506562721,0.511348947463,0.544423508577,0.521441244711,0.619625884034,0.416252496169,0.424046340286,0.45721937856,0.403787620797,0.522201547856
2.5973,0.520468640176,0.573507434201,0.591405994415,0.566741504026,0.646992017273,0.506597982415,0.476400020304,0.498196700129,0.439835369729,0.548230991127
1.678994,0.478136702978,0.583710618014,0.606561366584,0.56586597516,0.655951701777,0.468558827463,0.483777983936,0.510031405301,0.43852091615,0.553266710171
2.941473,0.528998441266,0.542280037317,0.565054196602,0.531321140985,0.622333875147,0.511510537295,0.450522338009,0.475655384082,0.411173598049,0.52466630611
1.446578,0.316510978026,0.44669514147,0.474182771983,0.436549747509,0.529628041101,0.342372927094,0.369971693416,0.398231522733,0.338199676002,0.446092391294
1.51693,0.454000344414,0.562690933652,0.586577807893,0.546995359629,0.649080219161,0.450992366591,0.466879893038,0.493133808602,0.424261906202,0.547870025286
0.1719238,0.426582440332,0.518989528328,0.526921572469,0.475435376007,0.560833424257,0.432125903138,0.427727492162,0.436751287632,0.36047695887,0.46160839749
0.1929088,0.346296177221,0.468920109672,0.46577777169,0.403338337655,0.506644908048,0.360083702332,0.378975584627,0.379500502148,0.299462548682,0.410562425298
0.1534156,0.406171818471,0.523929704068,0.529870459557,0.465850279787,0.566265905502,0.402274535202,0.422072115369,0.428325224389,0.347114938834,0.4553780534
2.679482,0.756403633055,0.688991482143,0.684705274194,0.657827214412,0.731315632469,0.697515915645,0.571914490573,0.575900961116,0.509489209068,0.618191450635
1.470928,0.464526419028,0.560059753095,0.573533447145,0.535820936263,0.627152305957,0.458881551931,0.464941307848,0.483145518805,0.415164168781,0.528612988754
2.013062,0.461289957806,0.578686337658,0.606220199486,0.576224239116,0.665779378135,0.458006279435,0.481074764589,0.510139667709,0.446684001753,0.562103620524
0.857899,0.522093153026,0.619865898425,0.642263575202,0.623949092398,0.726672234727,0.505269820933,0.514142491951,0.53996704384,0.482176900627,0.612629016129
0.4181,0.442564453915,0.533844344353,0.561693732696,0.520936263136,0.589033116615,0.4406668497,0.440354215694,0.470328332278,0.400640464589,0.493343924939
1.606605,0.494423220334,0.593825815459,0.617742430107,0.577827214412,0.677380340329,0.482828937025,0.492692235831,0.518977128105,0.447359794271,0.571383143755
3.062519,0.579841702383,0.555987148815,0.565540663758,0.527483963423,0.623758529544,0.552451232304,0.46240710721,0.475546039049,0.408956319615,0.525815503483
1.484564,0.50498846655,0.594668802493,0.60442411154,0.563543742323,0.666328867192,0.493656034335,0.494289003632,0.509756960096,0.437496087936,0.562871593769
0.6007215,0.544953847723,0.622508724236,0.652615724296,0.616620035485,0.742329086127,0.523924505987,0.516819251501,0.548124616311,0.477339202225,0.626871819679
0.05354379,0.348879285687,0.449979750196,0.462232322248,0.399931076839,0.480440879604,0.296910381952,0.279175707098,0.288441531777,0.21520808999,0.296608333032
1.944459,0.348584390043,0.477102194872,0.497824435668,0.443709567354,0.522647521492,0.368469188296,0.396155013376,0.417289495791,0.343319043027,0.438405292201
3.351964,0.818832819298,0.662202868097,0.663899842045,0.638888358127,0.727335064869,0.748275267334,0.549547861454,0.557725326686,0.494189457425,0.613686744266
1.484916,0.466916625832,0.564977932243,0.582099749706,0.542517401392,0.642421789092,0.461955565255,0.469837990438,0.490440781193,0.420620371166,0.542526134725
1.232847,0.439953260149,0.553901354343,0.57525976546,0.55231336154,0.660980315738,0.439810349804,0.459389070268,0.483747457796,0.428463595789,0.557907085674
3.277748,0.830501522149,0.669565256771,0.663421696038,0.636959192029,0.732835694235,0.771040565243,0.556332369621,0.558591967265,0.494028731261,0.620271301435
1.350864,0.486908185461,0.52905620388,0.477319204962,0.407021291115,0.491602824431,0.477288086673,0.43935468333,0.401362471583,0.315643907205,0.412493101439
1.39343,0.484630319855,0.584563309426,0.607189293268,0.578906100723,0.681750428239,0.47501836195,0.485595070054,0.510811435953,0.44975371235,0.575641067354
1.723401,0.440622133729,0.555641672931,0.586650137878,0.545683089941,0.64603937828,0.440663916481,0.461269875898,0.492948138571,0.423715543334,0.545009923491
0.1606792,0.539299833484,0.617100797441,0.610334687483,0.564375597107,0.661242147991,0.510031608366,0.502050904331,0.503184349283,0.426148714668,0.544035070164
1.82379,0.562752536731,0.659635736439,0.691161205422,0.642770574587,0.733680013584,0.538938479842,0.547473197305,0.581020690408,0.498420321728,0.621182310464
0.9414905,0.44648309228,0.55347824343,0.574835386875,0.55464037123,0.652854907701,0.443338425401,0.458946813646,0.482245858192,0.426392721386,0.546357406522
1.97818,0.461242656248,0.578536890225,0.602524329279,0.573190937628,0.669940000242,0.45902175979,0.479564936124,0.507152707862,0.444416330627,0.564743950599
0.8665272,0.416379346662,0.531669916555,0.562567453312,0.540919885356,0.641954077779,0.420569607629,0.441134509732,0.472430246936,0.418848139767,0.540135042969
2.077349,0.539237011103,0.613390489968,0.611182804564,0.564871707384,0.635728208939,0.517344122885,0.508619954144,0.513661985166,0.43706005854,0.535292698484
0.3090201,0.423589877762,0.529756860025,0.547062592897,0.520490651017,0.56687852124,0.425680448102,0.438235271883,0.458075192898,0.400666456609,0.475034116797
6.786635,0.67769162489,0.925227761769,0.886462406362,0.853757335881,0.888058462192,0.496034288155,0.712508356436,0.617339480545,0.503919490514,0.638946372631
0.925095,0.589843764435,0.661592139194,0.667581630309,0.64899003685,0.728218121044,0.558474890474,0.549670440518,0.563119501183,0.504101434653,0.614721144679
2.09572,0.530071595341,0.607118873464,0.629362594247,0.586044083527,0.667354675747,0.510628225074,0.504649904475,0.529939238265,0.454373926503,0.562866682669
4.266611,0.839647721654,0.692176459247,0.600420998918,0.533166370957,0.631498721362,0.764809821825,0.576830613014,0.505473557908,0.41396323137,0.532724193244
2.42146,0.569631956932,0.623456518561,0.651147361591,0.635269550976,0.738324128674,0.542437223251,0.518073661917,0.548767695017,0.493430384353,0.623786421177
1.255264,0.440694564238,0.557571550384,0.571913383499,0.542207588372,0.642877305478,0.440459177807,0.462926583241,0.480356679165,0.42065113723,0.542262163106
2.459573,0.550267882021,0.58113701677,0.605175575278,0.569321686911,0.628675954466,0.529218379314,0.482911830554,0.509828413285,0.441481354174,0.531008377723
0.5528631,0.44473515193,0.544438291149,0.584154433351,0.548917019244,0.651385777688,0.443973173954,0.451327471858,0.491187250499,0.423762753329,0.547014880019
0.2712118,0.624955562404,0.695708853111,0.686989109473,0.652946635731,0.725231081311,0.582614108079,0.572796303836,0.572184853948,0.498651067211,0.603518925844
3.086067,0.751178289177,0.644462616792,0.646182836248,0.61737136618,0.720941336448,0.71008299836,0.536091704259,0.544376571733,0.480066772969,0.611716779325
0.6843747,0.457913070085,0.549747233282,0.581439178516,0.5524819162,0.647730169022,0.450391056733,0.454394648425,0.48568914409,0.425054397585,0.542557442987
1.046703,0.462822084801,0.567136186076,0.581689453066,0.559271871161,0.657108067783,0.458458581777,0.470181427814,0.487710403254,0.432174089245,0.55194869374
1.027508,0.442351596908,0.549082159858,0.570054566893,0.555608025113,0.654124614793,0.440101911755,0.456184734749,0.477405987225,0.429648089268,0.551083112385
1.139995,0.520389557886,0.636083856184,0.658653037735,0.635004776853,0.736727310603,0.503534528679,0.528135405046,0.553436511378,0.49179129575,0.619293378671
1.431899,0.44453707666,0.559199298179,0.581027601698,0.553070833902,0.659874881485,0.444490593754,0.46417019374,0.489046361374,0.42876542149,0.556605644204
1.546382,0.52643159271,0.617627421728,0.639607848584,0.598348573768,0.710503196398,0.507361205952,0.513602496077,0.538332281474,0.46462433044,0.600825187558
1.157361,0.470196693178,0.572917407973,0.586851765713,0.562649788454,0.672196061713,0.463639232858,0.476961616013,0.49427597701,0.436775737669,0.565645137428
0.3704042,0.606906322962,0.686545331741,0.663948488761,0.609818479596,0.672671663861,0.544584926071,0.544518879876,0.526322732513,0.443131582214,0.539182903479
0.2969999,0.687817853529,0.72143257333,0.655854571412,0.617966425549,0.676857393171,0.640843781459,0.599675138482,0.548927923381,0.476135082119,0.567933096086
1.943272,0.402602029089,0.511407173736,0.54276055901,0.511549065102,0.601789727467,0.407241061309,0.42379848218,0.457005018991,0.396387321411,0.507741428136
1.284785,0.442309468959,0.564541882158,0.581204266087,0.552095673536,0.64759459013,0.439850828224,0.467011652031,0.486872993525,0.425707380779,0.543795654045
1.598979,0.500444560727,0.548089725392,0.551338383161,0.496292479869,0.566864174268,0.48632240064,0.454659246403,0.463381133532,0.384676590314,0.477467566789
2.359269,0.37380351081,0.460528409892,0.491780081257,0.45914494336,0.53655547691,0.387211869915,0.380480013133,0.413738488796,0.356495405778,0.452478662806
1.988246,0.441064846739,0.570598061453,0.602070506629,0.562806059779,0.65502201794,0.441391354748,0.473424643036,0.506125297607,0.43672375363,0.552867069418
0.700817,0.459060132843,0.555756831559,0.587686440938,0.565288658387,0.658373470783,0.455550588638,0.461362755189,0.49479834313,0.438966493634,0.554975159043
4.281931,0.784630837215,0.754411934057,0.680515895858,0.631005868705,0.737115396217,0.732451138441,0.627795963639,0.573443945758,0.489908200429,0.622901195423
3.196042,0.644919036733,0.571802051376,0.582163758543,0.549484782312,0.645936797424,0.606255265128,0.475124550048,0.49027297446,0.426212899044,0.545762549548
0.7414515,0.429130811717,0.528076708585,0.553492280502,0.526951685547,0.613929418489,0.430869898839,0.436857202411,0.464829143244,0.407158626645,0.51536468293
1.674799,0.54133527861,0.604695366612,0.611241052605,0.564684045312,0.65740505012,0.518389522073,0.502203723164,0.514155661748,0.437793670041,0.55340360708
0.9279113,0.452528083452,0.552164917506,0.573318377455,0.555070970384,0.65093671744,0.447430265656,0.45463224661,0.478264508124,0.425224141388,0.543487482527
0.4473464,0.465508665424,0.566394124581,0.597558523759,0.560216323188,0.639484246414,0.460225552794,0.468772038582,0.500536792086,0.431492992233,0.537207413551
1.405483,0.368125106706,0.495185981184,0.510105170999,0.473599017333,0.568738606262,0.383086004322,0.409337932658,0.428149839287,0.366651389724,0.479295109834
0.8646963,0.459402330045,0.547375483116,0.576500256707,0.55899549611,0.647124726771,0.454797338045,0.453678613895,0.484321789872,0.432620197179,0.544587568901
0.9775299,0.429579437422,0.544545686274,0.566636495035,0.548155452436,0.645602512958,0.430858752608,0.45168062916,0.475776637979,0.424733475706,0.543031978013
3.664101,0.740290801104,0.576363756345,0.52588526941,0.505969018698,0.59444981619,0.686431868367,0.479145899325,0.442130846705,0.392494883816,0.500918068735
0.667122,0.407726118072,0.516406869665,0.545201856026,0.517082025386,0.614855515582,0.41383845708,0.42843056679,0.45874371327,0.40057893246,0.518505331306
2.103639,0.474588347114,0.573294584827,0.593879295849,0.566776989218,0.658234305147,0.468166362785,0.475079730391,0.499168896557,0.438993546553,0.555144591989
0.6069068,0.413356481533,0.515608522774,0.554354479527,0.518994813703,0.627743401235,0.419242619435,0.428607145441,0.466531569616,0.402276900945,0.527946306945
1.810612,0.4983137734,0.584667469758,0.607140006464,0.567030162413,0.664296618497,0.487289776207,0.485360171848,0.510907789497,0.439655016937,0.55997343095
1.642861,0.485752992747,0.577246854811,0.591946869081,0.54115395114,0.645505670892,0.474421745242,0.478144206978,0.49636760674,0.419066684914,0.542410723878
0.3945217,0.739321119184,0.704405917342,0.704882779658,0.655098266685,0.754158165189,0.558893167477,0.481416581977,0.474073670295,0.398814657802,0.506578111351
1.519376,0.455763066501,0.562193422501,0.588718903467,0.553570356217,0.653790330327,0.453436911156,0.466318297328,0.494478427714,0.429172806618,0.550165964482
0.83837,0.495002664408,0.589646463013,0.61682646366,0.60404804149,0.689655610244,0.48251332268,0.489200082511,0.518025501535,0.468663172066,0.580259956795
1.171374,0.461402299003,0.568120857039,0.574418049263,0.54343933397,0.649382222939,0.45717324529,0.471115620677,0.482293493651,0.421035182586,0.547345765373
0.994344,0.487210471973,0.568630013444,0.569429200562,0.533216186707,0.613405753983,0.477005324379,0.471731215974,0.478461004395,0.412763885308,0.515389852317
1.462745,0.426923898447,0.545117597662,0.560021181804,0.52227173468,0.626406263372,0.430900990959,0.450836075612,0.470754886167,0.40468301936,0.527476683019
1.315661,0.379362182849,0.503267140844,0.513767116523,0.486194213184,0.58340551654,0.392381374764,0.417999466484,0.432848427811,0.376208496314,0.491544620719
1.553121,0.551284865497,0.63995719722,0.659453148188,0.619830762932,0.733510001956,0.526457047117,0.531580038729,0.556314667505,0.483253182431,0.622244335814
0.328783,0.495917653902,0.558901697231,0.55565129855,0.513569673809,0.57096956053,0.474981403393,0.455669578684,0.455095811419,0.386317800714,0.470827145859
1.423966,0.449508913757,0.550594102067,0.561486984155,0.523626996042,0.616837549873,0.448619979209,0.45714268743,0.472061613436,0.405843642617,0.52024754399
0.8904594,0.418885590098,0.531230631677,0.553834087688,0.53464583049,0.62698731577,0.423773855869,0.439946518809,0.464915753171,0.413385571989,0.526689679262
1.824505,0.528962965098,0.633495374893,0.66323351006,0.613218916337,0.712258548518,0.508930478021,0.523978516804,0.554959763464,0.473480713391,0.59843470969
1.124994,0.461177616608,0.567142655661,0.584002092321,0.556010645558,0.650448203017,0.456125499527,0.471247919666,0.491979731328,0.431849454221,0.550068970259
2.474053,0.526373943937,0.598407576144,0.625260267929,0.602762385697,0.692881527075,0.511096366798,0.497424219679,0.526941452177,0.467969344269,0.585063012481
1.238583,0.578377571375,0.654641863137,0.651045587541,0.617582912515,0.713245620246,0.547450094215,0.541380423854,0.545574495282,0.47711057854,0.598176876946
1.170077,0.452600513961,0.571391879635,0.57727348345,0.549610345298,0.667281506185,0.449145025378,0.474114757763,0.484641705289,0.425364180026,0.561668374297
1.513563,0.518472366652,0.600823966451,0.612261993544,0.570104408353,0.68358468871,0.502616431188,0.498935128136,0.515180365443,0.442074396587,0.577402924437
0.7227208,0.538072949348,0.625063563681,0.654078966293,0.630339156544,0.709148842167,0.510914507231,0.512417745128,0.541367418093,0.475744671371,0.585676286079
0.8548551,0.441489821666,0.543480145488,0.565547064641,0.549962467586,0.643167114328,0.440052047035,0.450199960472,0.47563914472,0.426805941457,0.541817094679
0.5941771,0.537001273447,0.625379279469,0.655631180573,0.614423365634,0.715005993807,0.515793623417,0.517437006781,0.548909518772,0.474078529849,0.600725737785
0.8024611,0.533169847327,0.61996876484,0.645561950536,0.619469769346,0.709655290306,0.512754222075,0.512826522005,0.540587928752,0.477961949805,0.595305725176
0.2438676,0.391711584669,0.521292053925,0.531915541877,0.484911969428,0.571184765122,0.393852677325,0.423345965637,0.43369937034,0.362760543477,0.465119833907
1.706549,0.444265092707,0.567042377081,0.599213792266,0.554583731404,0.659135295038,0.442234361837,0.471186900132,0.504590136656,0.430634194677,0.556996076645
1.704185,0.531788494044,0.626421529747,0.648569725754,0.608966152586,0.712586376846,0.512430394717,0.520939960019,0.546546150397,0.472627750778,0.602817252448
2.328622,0.557209385516,0.625163195303,0.652927447328,0.62929166098,0.726643540781,0.535368165893,0.517821483844,0.54751455764,0.487303693943,0.611966017644
2.304359,0.551522112369,0.600419617337,0.617954299355,0.575560938993,0.661331099223,0.527884351395,0.500107459179,0.520898244541,0.446750838375,0.55837916515
1.893769,0.46167354387,0.568195257276,0.592782184395,0.546703289204,0.640609766429,0.459283989553,0.471497937756,0.499617102927,0.424683083014,0.540739722142
3.132762,0.652909304438,0.603651822418,0.622564215745,0.599540057322,0.688213739479,0.611736277816,0.500787313985,0.523728765208,0.464669949087,0.580975749603
2.251707,0.513378580229,0.576476974097,0.588038489537,0.557711205132,0.637730328991,0.497436953395,0.478259766095,0.495651450908,0.432430826748,0.537575132155
1.832549,0.463032724548,0.5863100976,0.618120082241,0.573117237614,0.685543050495,0.456184750547,0.484848255759,0.518836386974,0.444131479307,0.576863931225
3.220682,0.637514864884,0.567504305509,0.582928024048,0.557038351303,0.653013441751,0.598671134546,0.4718062754,0.490842976041,0.432999998939,0.552205298708
1.555279,0.478645933803,0.577938453536,0.615475237126,0.604396069333,0.726646410176,0.470321105331,0.47981549421,0.518046071393,0.468529498821,0.613957468647
4.493118,0.883264930847,0.80744571694,0.699966260942,0.599187935035,0.693551530704,0.791916870232,0.673489334541,0.590483366212,0.465761613924,0.58614468223
2.094287,0.476837388333,0.579231076785,0.600326905929,0.56646649379,0.65212823353,0.469783739643,0.480229671045,0.503357027824,0.43845142728,0.547990961121
3.169002,0.484250429225,0.584409333283,0.610927409307,0.57641394841,0.673971499595,0.475539301612,0.485005394559,0.514391673798,0.447183685074,0.56818601773
1.85581,0.52554838395,0.630295517742,0.658962200414,0.618717756244,0.724122060314,0.508302182549,0.522567507584,0.554992242186,0.480102843527,0.612765913038
1.201542,0.525805586166,0.638522890042,0.658559584834,0.640571857513,0.754487428214,0.503794411866,0.52767802854,0.550661204539,0.493262231898,0.632249474052
1.757368,0.52460900459,0.630043850853,0.666790481092,0.627828579228,0.732057370962,0.506126320828,0.523333221734,0.561364567543,0.486865542751,0.619072993064
0.6426057,0.4602914515,0.517879994359,0.550826312471,0.503497338611,0.613485379682,0.456016970431,0.43013749375,0.463972246282,0.390073912817,0.517333420096
0.6888579,0.633254768403,0.666444975526,0.675537288572,0.629416541559,0.722851635874,0.59042878966,0.548643908361,0.561473912576,0.481213074092,0.601584566378
1.231552,0.542627202386,0.637758831955,0.650536077204,0.624242527638,0.731015780738,0.522778790716,0.53057726639,0.548240457088,0.484543765787,0.617490391126
0.2407262,0.562167919049,0.635486066453,0.60162436504,0.546424184523,0.619124457335,0.493299354927,0.481940917971,0.455319914605,0.371341092747,0.464434735473
1.676204,0.558926284219,0.646671333395,0.676183777818,0.635898730722,0.740342747745,0.53401947188,0.536255863005,0.568033531899,0.492105321787,0.624394783675
0.1274811,0.409624093048,0.500172090983,0.509745441339,0.449490241572,0.541774188261,0.397080391315,0.396129093574,0.408754087515,0.329354432488,0.433117265401
3.099576,0.757600953718,0.677712406207,0.653643706206,0.603634502525,0.689366518742,0.691045234927,0.563520794701,0.550676361277,0.468781462279,0.581558942714
0.9748831,0.389747830965,0.516238013475,0.537719223063,0.512743278286,0.602056581161,0.40094168057,0.428082809447,0.451916685798,0.397285902671,0.506535753114
2.398062,0.593731361154,0.64696569955,0.659684220087,0.626309540057,0.698458912745,0.565516375574,0.537182495926,0.554573807978,0.485556393666,0.589290855593
1.04447,0.388128491723,0.513544077935,0.53706377258,0.511782448478,0.611945949502,0.399172949621,0.425143611903,0.450183404639,0.396246221874,0.51275013613
0.6785926,0.480678422582,0.568360878673,0.592444217739,0.557143442064,0.648354262339,0.472060504091,0.470483285508,0.497311113629,0.430998613405,0.543907995455
0.7083007,0.46599646273,0.570248703818,0.598376556687,0.572895455166,0.663417149066,0.458867472481,0.472035773647,0.501812123257,0.442790503259,0.557836488613
2.558954,0.79198031664,0.7293901639,0.723694976644,0.6907608844,0.753960176964,0.763271641875,0.604620960696,0.606563040415,0.533478252106,0.63558963586
1.785194,0.403920559991,0.534781140381,0.567477571144,0.523409990446,0.617100816823,0.410745084512,0.4439397883,0.477549434916,0.406175703933,0.520609123719
1.130484,0.346345696039,0.469912544139,0.486624809582,0.451071379828,0.550142060138,0.365861556765,0.388971448258,0.409426397071,0.350214354597,0.46307804413
0.6167427,0.480333269033,0.572401135024,0.606009610415,0.569736590692,0.670081317924,0.471171738789,0.473925219211,0.506430056286,0.437107268536,0.559735856493
1.686406,0.485072293778,0.5765487865,0.599935811939,0.561974887403,0.660091520774,0.47589422109,0.47903790015,0.504669709526,0.435585409247,0.556436825146
0.9125507,0.44923323437,0.560831574684,0.585812262211,0.568637914563,0.666640913851,0.447847956016,0.464719369544,0.492200586642,0.440518588538,0.562196317535
0.85813,0.431186951274,0.528209335095,0.55135054484,0.529467722124,0.629567618825,0.431925857615,0.437764935476,0.462794351279,0.411356603087,0.531027408235
0.4240308,0.754484963648,0.662283090961,0.605271588532,0.543153405214,0.622838888589,0.690825243516,0.552530798665,0.510731863083,0.421614963765,0.525415248842
1.33677,0.461080796233,0.553887768213,0.56310768789,0.529010509076,0.627153023305,0.456889309708,0.459456029756,0.473185377235,0.409627868538,0.528500647344
1.693893,0.514726674604,0.620734763802,0.65685246917,0.618224375597,0.719203200695,0.498941108006,0.515586980915,0.551684825611,0.479206384064,0.605165985968
1.369591,0.538476490757,0.644894138167,0.651919948245,0.6322191893,0.742071557966,0.519642006509,0.535733686995,0.549008578876,0.489797866957,0.627112463573
2.210135,0.47464747406,0.564395022559,0.597297367707,0.566617988263,0.650900132659,0.468936626047,0.468701839118,0.50337434981,0.439545213914,0.549653982319
0.312709,0.521394715973,0.607981916214,0.593758319148,0.548188890405,0.612514806973,0.482945679134,0.479298718158,0.467839920821,0.390278135831,0.480556034729
1.764264,0.571299336817,0.640536872111,0.662472444996,0.624591920295,0.727282698419,0.544367281235,0.532004475486,0.558393847058,0.484557027022,0.615182788068
1.423061,0.338524679218,0.458271171396,0.481070762857,0.444770028661,0.542388956045,0.358865243234,0.378933464948,0.40488478904,0.344446247972,0.456519270235
1.054872,0.444040410311,0.551188010046,0.568465227488,0.544299167463,0.654234369135,0.443235176099,0.458022340709,0.477722113458,0.421866396774,0.551367342291
1.338865,0.560521233595,0.656309075406,0.668026491721,0.636106182612,0.736417415991,0.533330752101,0.544400620779,0.560948298583,0.492472923211,0.621219143713
2.206596,0.406371371915,0.502042448247,0.524969943051,0.490261362085,0.570709162974,0.412573066481,0.415395606378,0.441407112505,0.38048020522,0.48082921466
2.158222,0.396547429789,0.506877816696,0.536250860359,0.5034420636,0.587779908542,0.405536861174,0.421081222939,0.451089560998,0.390383695259,0.4949989656
0.3080118,0.462363111881,0.561891939802,0.575776956857,0.545940357582,0.613832576423,0.451107348769,0.461362215193,0.475680825748,0.413435434231,0.506357725743
0.5553493,0.441237793057,0.540877431109,0.583915680392,0.541908011464,0.638642079112,0.438568424955,0.447341222313,0.487264903444,0.414685172985,0.533949512665
0.353805,0.483812889822,0.5327361043,0.510039881986,0.461976934625,0.492010995807,0.466632289342,0.432869332878,0.417673286029,0.344705107273,0.400339970889
1.54021,0.378757609823,0.492281137146,0.513230082386,0.470352122287,0.571210589673,0.391641030334,0.407744404833,0.431595290434,0.364146607723,0.482268780813
3.817801,0.721857975597,0.827628236896,0.801875369291,0.765100996315,0.865124108847,0.648528814768,0.65420554187,0.621079946754,0.546267917254,0.683578448375
2.037299,0.35197827676,0.477581591182,0.502841448256,0.464209089668,0.546316439845,0.370175735006,0.396171213252,0.422414096891,0.360543265043,0.459993259515
6.501954,0.87213132686,0.805538483037,0.732960895786,0.692416405077,0.774383092724,0.791023411779,0.657778154575,0.595916515176,0.520640846512,0.627854039656
1.0326,0.446271713447,0.552941914765,0.571152318435,0.551596833629,0.651738713219,0.444810314605,0.458898754014,0.479759070671,0.427182560522,0.549778601478
1.956611,0.493572531395,0.608284045872,0.640964835914,0.610752013102,0.707471681048,0.484290266641,0.505926454722,0.540270719896,0.474522515985,0.598916611366
1.711114,0.466623208361,0.579820456054,0.613247089534,0.564659478641,0.663742825348,0.460336428466,0.480808546623,0.513542355204,0.436307881311,0.557553486482
0.9225186,0.455338830661,0.555379007747,0.568243116826,0.541073427051,0.621782234043,0.451778469235,0.459447929818,0.476193448251,0.416868502658,0.521278874965
0.4734947,0.539062586612,0.628497619839,0.663743660485,0.611278149311,0.695291101154,0.51829859229,0.521013939454,0.557992734835,0.472875470641,0.583772620986
1.294535,0.453317428185,0.588268441231,0.589424920931,0.565703562167,0.671342416832,0.450099494782,0.488479728015,0.496666410987,0.439312877083,0.568065081896
1.320638,0.45614073987,0.558852528379,0.575017812059,0.548944997953,0.650073747027,0.45454566787,0.463927195596,0.484432217529,0.425621978428,0.547711028427
1.825366,0.49210544404,0.58883064824,0.60966707532,0.565386242664,0.662164658342,0.480705873243,0.489288101839,0.512839732174,0.437450999738,0.559346037939
1.48568,0.474555827293,0.570477727157,0.596444129919,0.560927391838,0.665930021349,0.466070284616,0.473686001039,0.501398019545,0.435580104753,0.56177273517
2.360087,0.810256455739,0.721919733143,0.684433236639,0.633505527501,0.748686947117,0.763577283276,0.60124220651,0.576957060909,0.49229203997,0.632580359407
4.53769,0.68585779526,0.687421313662,0.646406867175,0.588602429371,0.647537919587,0.634608931534,0.571425794307,0.54464073201,0.456697825264,0.546523156143
0.779703,0.452936798468,0.550803069689,0.578908909217,0.56185956053,0.650047205127,0.450681445396,0.458216739224,0.487034845826,0.435140362212,0.548427435123
4.119205,0.937128100746,0.736992574209,0.64604137672,0.612605431964,0.713804434836,0.842619317475,0.612051303928,0.543663663774,0.475079487841,0.602758933137
1.221153,0.416485036079,0.538982489419,0.55653910111,0.53343660434,0.634185192016,0.421861397198,0.446524748551,0.468379608927,0.41328054301,0.534482367003
3.313398,0.890833179973,0.579407696478,0.583511144546,0.55020472226,0.641619793313,0.810358016956,0.480622788042,0.488053053777,0.42561136944,0.539339444788
0.2333915,0.543474934979,0.621919344967,0.605759975953,0.554312815613,0.635223195497,0.47217255305,0.468219622802,0.456468578758,0.376326786527,0.469987347779
1.722728,0.525090150116,0.630029617764,0.655980028731,0.620438788044,0.718190304416,0.507835214113,0.523705278892,0.552697620441,0.482215092982,0.60688425704
1.152727,0.549137079173,0.652248763339,0.665059682159,0.639299167463,0.744885716678,0.524451898731,0.539780416078,0.557491479884,0.492996476755,0.629208275449
1.308128,0.351667121205,0.478185850498,0.51158633547,0.480302306537,0.586847355311,0.369969823045,0.396085353908,0.427579837707,0.371527810931,0.4923402189
0.7535678,0.423674872748,0.529521367101,0.557020447559,0.528038760748,0.626469390052,0.427111858886,0.439479962373,0.468454309989,0.409649616962,0.528476705732
0.3148062,0.601154010174,0.699292356702,0.656165654356,0.607202129112,0.669879025608,0.547582089062,0.555938712628,0.525404125978,0.440935521755,0.537346152123
0.5245011,0.582472851493,0.651384426672,0.676533906153,0.62076634366,0.699861329335,0.555952322288,0.536587420472,0.562950070514,0.473185253083,0.584696521652
3.035723,0.57151071565,0.578295574674,0.595979425768,0.549069196124,0.63114148174,0.543682081318,0.479336517869,0.496816895735,0.422157083038,0.528886782573
0.2668492,0.403462326158,0.508891798765,0.518313024076,0.483459123789,0.548046684763,0.407639979069,0.418585362008,0.430718906238,0.370159781964,0.456580045096
0.2847519,0.528515817567,0.624541468104,0.618579025597,0.5812590419,0.648636180354,0.478253702309,0.484965434864,0.477358351765,0.402969137394,0.494988529512
0.6492608,0.441227445842,0.544228676569,0.582999073856,0.543764159956,0.653791047675,0.440615811692,0.450690276726,0.487426214432,0.418999848291,0.548527498783
3.343727,0.668167012929,0.568072335145,0.566936056389,0.532951412584,0.626729787608,0.625611576124,0.472131892912,0.476978892024,0.413711798361,0.528556511106
1.67148,0.513833857715,0.599072002609,0.618536139677,0.576434420636,0.681646412687,0.497659291381,0.49835733255,0.520931264576,0.447950184437,0.576425001673
1.074742,0.473747266303,0.574950151841,0.589081193481,0.562158455029,0.653104545028,0.466182333575,0.477260233732,0.495144782837,0.435255469729,0.550080020234
0.9094432,0.466085892237,0.564721736644,0.58848719148,0.573410672854,0.670423493225,0.460163955199,0.468931337365,0.494549880903,0.44478499295,0.564761139449
1.481833,0.467903306748,0.571985140655,0.602965350161,0.571751057732,0.668541170396,0.462060574489,0.47519366952,0.50746504491,0.443529949703,0.5652393578
1.616534,0.425590585808,0.52062309875,0.536185571346,0.497205541149,0.596304879771,0.430146567078,0.432502135684,0.451419220031,0.38614010017,0.501816186126
0.1131808,0.426215114178,0.51075245165,0.516287784496,0.459426777672,0.536804396888,0.352047269408,0.338223175975,0.338779221174,0.26223083672,0.345827989954
1.719744,0.443373753992,0.551155662117,0.586955460027,0.547960966289,0.647519985871,0.441420100293,0.457588184026,0.492967084493,0.42386619096,0.546281898361
1.857598,0.547089069571,0.644334518993,0.669447487887,0.63504981575,0.750606572076,0.528641708494,0.535395649577,0.563412350998,0.491532966899,0.63391740635
0.9711521,0.507210900644,0.60508418872,0.619529556816,0.601258359492,0.698729353182,0.49406199182,0.501723666831,0.519784765671,0.465008906245,0.590044709426
1.848508,0.508764461158,0.625211070238,0.662523011977,0.619162003549,0.719855987957,0.494421017803,0.519492231079,0.557802734308,0.480600935501,0.609155026848
